id,email,first_name,last_name,profile_pic_url,gender,password,is_active,role
5820b675fc13ae5137001d6e,ccampbell0@rakuten.co.jp,Carl,Campbell,http://dummyimage.com/236x246.jpg/5fa2dd/ffffff,Male,1ae689361249fefe203ab602feb1366118e2fe27,true,5820b5fbfc13ae512e003217
5820b675fc13ae5137001d6f,dberry1@bloglines.com,David,Berry,http://dummyimage.com/134x131.png/5fa2dd/ffffff,Male,07d2cfc04e399bd3f6a2a066c9508f7aad183592,false,5820b5fbfc13ae512e003223
5820b675fc13ae5137001d70,awebb2@admin.ch,Andrea,Webb,http://dummyimage.com/193x103.jpg/ff4444/ffffff,Female,069eba4ea616278f579dc6225c2ec632d23775b6,true,5820b5fbfc13ae512e003220
5820b675fc13ae5137001d71,jrogers3@kickstarter.com,Jonathan,Rogers,http://dummyimage.com/219x229.bmp/dddddd/000000,Male,daefe9b36fc455d74f11d5c63eafd7338d7dbbc3,true,5820b5fbfc13ae512e003219
5820b675fc13ae5137001d72,rgeorge4@house.gov,Ruth,George,http://dummyimage.com/228x211.bmp/5fa2dd/ffffff,Female,49532baf516663d5332e8995b28ea9c929a3c54e,false,5820b5fbfc13ae512e00321f
5820b675fc13ae5137001d73,jduncan5@friendfeed.com,John,Duncan,http://dummyimage.com/245x140.jpg/5fa2dd/ffffff,Male,33e7d7a1f609e1079d64ca66626debcb3d856fbc,false,5820b5fbfc13ae512e003224
5820b675fc13ae5137001d74,skennedy6@e-recht24.de,Steven,Kennedy,http://dummyimage.com/166x181.bmp/ff4444/ffffff,Male,65906e61aa1ef9ffd627a0b815677c788decbaf8,false,5820b5fbfc13ae512e00320c
5820b675fc13ae5137001d75,wcooper7@wikimedia.org,Walter,Cooper,http://dummyimage.com/130x186.jpg/dddddd/000000,Male,4f322cc465765af04e7a18f00cabf4f747ab27e5,false,5820b5fbfc13ae512e00320b
5820b675fc13ae5137001d76,mcarter8@mtv.com,Michael,Carter,http://dummyimage.com/190x159.bmp/cc0000/ffffff,Male,c785b88bee515c4d9f664ab42442b2dbb5eeaacf,true,5820b5fbfc13ae512e00321e
5820b675fc13ae5137001d77,vfisher9@surveymonkey.com,Victor,Fisher,http://dummyimage.com/229x117.png/cc0000/ffffff,Male,13ebfeeaf983f32a46c124b7a47bcbb06fd40253,false,5820b5fbfc13ae512e003214
5820b675fc13ae5137001d78,wcruza@wikia.com,Wayne,Cruz,http://dummyimage.com/201x105.jpg/5fa2dd/ffffff,Male,6d25fabcafe27a45d56bd22bad560b36a47af365,false,5820b5fbfc13ae512e00320d
5820b675fc13ae5137001d79,spowellb@usda.gov,Stephanie,Powell,http://dummyimage.com/155x232.jpg/dddddd/000000,Female,892243e30786cfbe6d90ba2b26a8cf5e0c7c3bca,false,5820b5fbfc13ae512e003223
5820b675fc13ae5137001d7a,nolsonc@go.com,Norma,Olson,http://dummyimage.com/158x190.bmp/5fa2dd/ffffff,Female,799b43592e2a4ccf87539cc8a0ee407643ed9d07,false,5820b5fbfc13ae512e003226
5820b675fc13ae5137001d7b,ehenryd@wikispaces.com,Earl,Henry,http://dummyimage.com/190x161.png/5fa2dd/ffffff,Male,1db12e8a8bde02cfa97c3aa2e4ea87ad8ff6e82a,false,5820b5fbfc13ae512e003223
5820b675fc13ae5137001d7c,rarmstronge@buzzfeed.com,Raymond,Armstrong,http://dummyimage.com/103x141.png/cc0000/ffffff,Male,dbdeda5eb898c2aa9e14a9ade36359462320aa9a,true,5820b5fbfc13ae512e003217
5820b675fc13ae5137001d7d,spiercef@behance.net,Shirley,Pierce,http://dummyimage.com/157x102.png/cc0000/ffffff,Female,a12519e30c495572b463a766c70d5a60c2193983,true,5820b5fbfc13ae512e00321d
5820b675fc13ae5137001d7e,cadamsg@t.co,Cynthia,Adams,http://dummyimage.com/152x161.jpg/cc0000/ffffff,Female,332800d6b21a74b99fd91fe1efd19de9ebf41184,true,5820b5fbfc13ae512e00320d
5820b675fc13ae5137001d7f,msimpsonh@behance.net,Mildred,Simpson,http://dummyimage.com/121x174.jpg/ff4444/ffffff,Female,ba74cad34950ae9df78e545f35b39e213648aac5,false,5820b5fbfc13ae512e003218
5820b675fc13ae5137001d80,alopezi@buzzfeed.com,Amy,Lopez,http://dummyimage.com/133x110.bmp/ff4444/ffffff,Female,3064d852502791c0ddbecde3ddd94a0b0c02dd8d,true,5820b5fbfc13ae512e00321a
5820b675fc13ae5137001d81,jwoodj@skyrock.com,Janet,Wood,http://dummyimage.com/154x202.png/cc0000/ffffff,Female,5879f81de8432d4244a4c6b7b694bf14dfd114c3,true,5820b5fbfc13ae512e003219
5820b675fc13ae5137001d82,dkennedyk@dion.ne.jp,Doris,Kennedy,http://dummyimage.com/184x203.bmp/cc0000/ffffff,Female,b0a9108a35e9c92a84ec76673e70bfdab06c3259,false,5820b5fbfc13ae512e00320b
5820b675fc13ae5137001d83,afernandezl@nbcnews.com,Anna,Fernandez,http://dummyimage.com/186x158.jpg/5fa2dd/ffffff,Female,ac11cf8f1dde1e1183dabf8ac7082b13ea164802,false,5820b5fbfc13ae512e003216
5820b675fc13ae5137001d84,dgomezm@mysql.com,Diana,Gomez,http://dummyimage.com/182x240.png/ff4444/ffffff,Female,b2a6848935053e94c7d3670a76934d52ae520546,false,5820b5fbfc13ae512e00321f
5820b675fc13ae5137001d85,htaylorn@youku.com,Howard,Taylor,http://dummyimage.com/226x238.jpg/cc0000/ffffff,Male,f6aade762d4c45d1b50e982d18743215ce8c7b26,true,5820b5fbfc13ae512e003220
5820b675fc13ae5137001d86,promeroo@mlb.com,Philip,Romero,http://dummyimage.com/142x101.png/dddddd/000000,Male,c85a031c8f52b97514b348e554aa2641104bbb4a,true,5820b5fbfc13ae512e003218
5820b675fc13ae5137001d87,mchavezp@networkadvertising.org,Marie,Chavez,http://dummyimage.com/136x231.jpg/5fa2dd/ffffff,Female,74b8723ca066fdcf043787207e5b587ad939ec70,false,5820b5fbfc13ae512e003223
5820b675fc13ae5137001d88,plawrenceq@spotify.com,Pamela,Lawrence,http://dummyimage.com/244x166.png/dddddd/000000,Female,5e14841f8d473c9b17ba0b35505a2689215bedd8,true,5820b5fbfc13ae512e003217
5820b675fc13ae5137001d89,eellisr@zdnet.com,Emily,Ellis,http://dummyimage.com/158x164.bmp/dddddd/000000,Female,9906c02bf8a8960d18074a702106f1207636c45e,false,5820b5fbfc13ae512e003216
5820b675fc13ae5137001d8a,cmorrisons@moonfruit.com,Clarence,Morrison,http://dummyimage.com/185x234.bmp/5fa2dd/ffffff,Male,023c319072cfad47712ac24015a9013f9b9a3adf,true,5820b5fbfc13ae512e00320d
5820b675fc13ae5137001d8b,charrisont@weibo.com,Clarence,Harrison,http://dummyimage.com/202x198.bmp/cc0000/ffffff,Male,198fa63e4e8d6263a53d1cb7742c4a63663bdce7,false,5820b5fbfc13ae512e00320c
5820b675fc13ae5137001d8c,mmarshallu@desdev.cn,Michael,Marshall,http://dummyimage.com/136x221.jpg/5fa2dd/ffffff,Male,3702170f83674739ed011e913c8a682e177b5d3e,true,5820b5fbfc13ae512e003212
5820b675fc13ae5137001d8d,jcampbellv@utexas.edu,Joe,Campbell,http://dummyimage.com/144x197.bmp/dddddd/000000,Male,5ed6baa732d002612f38b50df2019040c17cd9fc,true,5820b5fbfc13ae512e003212
5820b675fc13ae5137001d8e,afordw@plala.or.jp,Amy,Ford,http://dummyimage.com/247x191.jpg/5fa2dd/ffffff,Female,dbfb6ce34e92f901c0a4b9526bbeeb2c660ec808,true,5820b5fbfc13ae512e003220
5820b675fc13ae5137001d8f,cgonzalezx@issuu.com,Clarence,Gonzalez,http://dummyimage.com/147x212.bmp/5fa2dd/ffffff,Male,abe00343845e0f6ca4ee34c619b2609953f4f3d5,false,5820b5fbfc13ae512e003216
5820b675fc13ae5137001d90,jportery@tinypic.com,Jack,Porter,http://dummyimage.com/106x154.bmp/5fa2dd/ffffff,Male,686d8b0bad11ef2dc6125a405cc5f7bff4b656e8,true,5820b5fbfc13ae512e00320a
5820b675fc13ae5137001d91,rstonez@salon.com,Roy,Stone,http://dummyimage.com/208x204.png/5fa2dd/ffffff,Male,bd25101e47345a35cbeef8c1294d5e1e2cc33b47,false,5820b5fbfc13ae512e003212
5820b675fc13ae5137001d92,jmendoza10@studiopress.com,Jonathan,Mendoza,http://dummyimage.com/155x197.bmp/ff4444/ffffff,Male,0bc1cf45efed3de234339e33a3a33752353a05bc,true,5820b5fbfc13ae512e003209
5820b675fc13ae5137001d93,jwarren11@tamu.edu,Judy,Warren,http://dummyimage.com/126x231.png/dddddd/000000,Female,b9359ad7f64c3a71b2ab8ff50ebe550958be1cdc,false,5820b5fbfc13ae512e00320e
5820b675fc13ae5137001d94,jmoore12@goodreads.com,John,Moore,http://dummyimage.com/240x134.jpg/5fa2dd/ffffff,Male,34b18399d41023ed51c5ee5e73960ea39bd6f02b,false,5820b5fbfc13ae512e003219
5820b675fc13ae5137001d95,dcole13@ed.gov,Dennis,Cole,http://dummyimage.com/122x154.jpg/5fa2dd/ffffff,Male,e1eb90cff564283749ce026ba20753425fc2034d,false,5820b5fbfc13ae512e00321e
5820b675fc13ae5137001d96,cgarcia14@amazon.co.uk,Carl,Garcia,http://dummyimage.com/123x236.bmp/ff4444/ffffff,Male,7e13548b938987e5bac46b4022b694e50cf6431b,true,5820b5fbfc13ae512e003215
5820b675fc13ae5137001d97,ehill15@chron.com,Eric,Hill,http://dummyimage.com/159x245.bmp/ff4444/ffffff,Male,fc061d4046589196e876f7403463624a36fe1a9b,false,5820b5fbfc13ae512e00321b
5820b675fc13ae5137001d98,rmason16@gov.uk,Roger,Mason,http://dummyimage.com/232x205.png/dddddd/000000,Male,f4705064b2080358ebdb1ec307d2ba21114a3c79,false,5820b5fbfc13ae512e003224
5820b675fc13ae5137001d99,karnold17@canalblog.com,Kevin,Arnold,http://dummyimage.com/201x174.bmp/5fa2dd/ffffff,Male,91b5543493db2d5676523f94b99a3d5ba1a56cdb,false,5820b5fbfc13ae512e003222
5820b675fc13ae5137001d9a,kford18@digg.com,Karen,Ford,http://dummyimage.com/238x111.jpg/cc0000/ffffff,Female,97857115a5f14dc9efa2d4baafce27c032710843,true,5820b5fbfc13ae512e00321d
5820b675fc13ae5137001d9b,jduncan19@surveymonkey.com,Jose,Duncan,http://dummyimage.com/249x127.jpg/5fa2dd/ffffff,Male,7677d4e5213216248967af299fec688a30ed4eb2,true,5820b5fbfc13ae512e003226
5820b675fc13ae5137001d9c,fstanley1a@youku.com,Frank,Stanley,http://dummyimage.com/170x234.png/dddddd/000000,Male,50622bf379fc3e7eb96b47d600733cba74e183f9,true,5820b5fbfc13ae512e00320c
5820b675fc13ae5137001d9d,sgraham1b@techcrunch.com,Sarah,Graham,http://dummyimage.com/105x108.bmp/ff4444/ffffff,Female,d653ea1612e3a8bd6333f74bb7a0b1524663b3e0,true,5820b5fbfc13ae512e003209
5820b675fc13ae5137001d9e,bsimmons1c@dot.gov,Bonnie,Simmons,http://dummyimage.com/190x214.bmp/dddddd/000000,Female,28222734121362502cb5668fa0a2a325b12c847a,true,5820b5fbfc13ae512e003214
5820b675fc13ae5137001d9f,kjacobs1d@twitter.com,Kelly,Jacobs,http://dummyimage.com/123x206.png/dddddd/000000,Female,3f221bef9f86052d9639f0f841050ce2bf79a30a,false,5820b5fbfc13ae512e003226
5820b675fc13ae5137001da0,rgeorge1e@addthis.com,Richard,George,http://dummyimage.com/107x148.bmp/dddddd/000000,Male,c4157732577352bd51153731ffaff26212e44ae9,false,5820b5fbfc13ae512e00320a
5820b675fc13ae5137001da1,walvarez1f@flavors.me,Willie,Alvarez,http://dummyimage.com/125x162.bmp/5fa2dd/ffffff,Male,c923ca15b775af14b6737fc543df1666a2e06a7e,true,5820b5fbfc13ae512e003222
5820b675fc13ae5137001da2,hmoreno1g@ihg.com,Howard,Moreno,http://dummyimage.com/103x237.bmp/ff4444/ffffff,Male,574f526e8e14261a3e1cca32d7a1087aa82cfbd9,true,5820b5fbfc13ae512e003218
5820b675fc13ae5137001da3,srobinson1h@trellian.com,Sean,Robinson,http://dummyimage.com/196x117.bmp/dddddd/000000,Male,7809c94b4e91de720a463c60cde36d19f8d53b6d,true,5820b5fbfc13ae512e00320a
5820b675fc13ae5137001da4,dpeterson1i@reverbnation.com,Donald,Peterson,http://dummyimage.com/150x203.bmp/dddddd/000000,Male,1ba8f0fd7cd7b6364191a3d21e6af26cdb8f6a4d,false,5820b5fbfc13ae512e00321f
5820b675fc13ae5137001da5,pparker1j@bizjournals.com,Phyllis,Parker,http://dummyimage.com/219x188.png/5fa2dd/ffffff,Female,78bb2261b9dfe10a7ba0293677380b1006d8cc51,true,5820b5fbfc13ae512e00320b
5820b675fc13ae5137001da6,jlynch1k@bing.com,Jason,Lynch,http://dummyimage.com/225x112.jpg/5fa2dd/ffffff,Male,4dc35a1934dfdcef1e18e539c8cbcd018bd828eb,true,5820b5fbfc13ae512e00321b
5820b675fc13ae5137001da7,awelch1l@amazon.co.uk,Andrew,Welch,http://dummyimage.com/132x153.png/5fa2dd/ffffff,Male,c6c011b8ee305110579a1bfe0af411bc1d7a02d4,true,5820b5fbfc13ae512e00321a
5820b675fc13ae5137001da8,elewis1m@vistaprint.com,Eric,Lewis,http://dummyimage.com/148x195.bmp/dddddd/000000,Male,6b97474d905fe9f18fa694a0bdd8dff58fc67aa9,false,5820b5fbfc13ae512e00320b
5820b675fc13ae5137001da9,erice1n@weibo.com,Eugene,Rice,http://dummyimage.com/137x144.bmp/dddddd/000000,Male,919530be1cf26d656235485ddfe24ea5cc321d83,false,5820b5fbfc13ae512e003212
5820b675fc13ae5137001daa,bgibson1o@archive.org,Bruce,Gibson,http://dummyimage.com/219x236.png/cc0000/ffffff,Male,51d169bc5fe739f59f73aa5e792f1801d3a5c396,true,5820b5fbfc13ae512e00320d
5820b675fc13ae5137001dab,mspencer1p@yale.edu,Mildred,Spencer,http://dummyimage.com/169x235.jpg/dddddd/000000,Female,99439c991eed9d7aa00ac7acd4e3622a99edc1f5,false,5820b5fbfc13ae512e003211
5820b675fc13ae5137001dac,pgeorge1q@jalbum.net,Paula,George,http://dummyimage.com/246x210.bmp/5fa2dd/ffffff,Female,a5abe0c4f282cca725cbb20a56f54e9af4e1ffe3,false,5820b5fbfc13ae512e003211
5820b675fc13ae5137001dad,lstephens1r@desdev.cn,Laura,Stephens,http://dummyimage.com/244x233.png/cc0000/ffffff,Female,bccf1b8f195b3bdaf7a1d3be2e0cd03e02732bb6,true,5820b5fbfc13ae512e003211
5820b675fc13ae5137001dae,evasquez1s@europa.eu,Edward,Vasquez,http://dummyimage.com/221x213.bmp/cc0000/ffffff,Male,22fe43a3b0ca1524a2934e4122f9fa71dd141ad4,true,5820b5fbfc13ae512e00321a
5820b675fc13ae5137001daf,nwalker1t@google.nl,Nancy,Walker,http://dummyimage.com/168x228.bmp/dddddd/000000,Female,d901269e89124dc4dc18e712308260532446a2b1,false,5820b5fbfc13ae512e003223
5820b675fc13ae5137001db0,grogers1u@alibaba.com,George,Rogers,http://dummyimage.com/149x187.jpg/5fa2dd/ffffff,Male,b8f202e46e2f9f2bfdc6f042a33bfe710543f0f7,false,5820b5fbfc13ae512e003226
5820b675fc13ae5137001db1,bwilliamson1v@nsw.gov.au,Brandon,Williamson,http://dummyimage.com/118x218.jpg/dddddd/000000,Male,b91aa4067712fcd6498ac363e47b149872e7e1ad,true,5820b5fbfc13ae512e003225
5820b675fc13ae5137001db2,treynolds1w@freewebs.com,Thomas,Reynolds,http://dummyimage.com/205x133.png/5fa2dd/ffffff,Male,d650262ac32c0086211955c42740b71b973071c9,true,5820b5fbfc13ae512e003209
5820b675fc13ae5137001db3,wmatthews1x@ox.ac.uk,Wanda,Matthews,http://dummyimage.com/180x231.bmp/5fa2dd/ffffff,Female,70ba663b738019ac9538c104bb99e0ec59cde9a6,true,5820b5fbfc13ae512e003224
5820b675fc13ae5137001db4,btucker1y@posterous.com,Bonnie,Tucker,http://dummyimage.com/131x184.bmp/cc0000/ffffff,Female,e0438cb253f70d6eb87969d7730d85eb994c4e28,false,5820b5fbfc13ae512e003211
5820b675fc13ae5137001db5,jlane1z@accuweather.com,Jason,Lane,http://dummyimage.com/212x123.jpg/cc0000/ffffff,Male,eeec6114cbab61a8029a5dfa37ea3b5d9cdb814e,false,5820b5fbfc13ae512e003211
5820b675fc13ae5137001db6,rprice20@artisteer.com,Robert,Price,http://dummyimage.com/145x137.png/ff4444/ffffff,Male,6a4dc1b423eafa0cb12be52c24761b0c9b924bfd,true,5820b5fbfc13ae512e003225
5820b675fc13ae5137001db7,jmoore21@fotki.com,Jeremy,Moore,http://dummyimage.com/224x164.png/cc0000/ffffff,Male,8a16f87c0b68801b5c0a8668abeade4bffdd9189,true,5820b5fbfc13ae512e00321c
5820b675fc13ae5137001db8,glawrence22@accuweather.com,Gary,Lawrence,http://dummyimage.com/100x176.bmp/ff4444/ffffff,Male,9ec4d9ba655f0ebddfb12f8a0f7fdb5f94b69e0c,true,5820b5fbfc13ae512e00321d
5820b675fc13ae5137001db9,npeterson23@vimeo.com,Nicholas,Peterson,http://dummyimage.com/224x134.bmp/dddddd/000000,Male,98e7d7f4a1e04d9ec26ddac9abe064a3d1515506,true,5820b5fbfc13ae512e00321e
5820b675fc13ae5137001dba,vsimmons24@geocities.jp,Virginia,Simmons,http://dummyimage.com/233x181.bmp/cc0000/ffffff,Female,69bd6959be8006a14e5aec94cf5b4dcc733354dc,true,5820b5fbfc13ae512e003222
5820b675fc13ae5137001dbb,aellis25@gov.uk,Alan,Ellis,http://dummyimage.com/177x194.jpg/ff4444/ffffff,Male,16613bb5ae7f096a27f8f56adb7ff0bd63bae295,true,5820b5fbfc13ae512e00321f
5820b675fc13ae5137001dbc,ktaylor26@skyrock.com,Kathy,Taylor,http://dummyimage.com/242x186.png/5fa2dd/ffffff,Female,b36333f1dcfc8cc2ee31ad061c106c8f9f482b3d,false,5820b5fbfc13ae512e003212
5820b675fc13ae5137001dbd,nturner27@biglobe.ne.jp,Nicole,Turner,http://dummyimage.com/119x120.bmp/5fa2dd/ffffff,Female,3d2e6e368c50d68e5008d7dac2e574034c6ebed4,true,5820b5fbfc13ae512e00321b
5820b675fc13ae5137001dbe,mmccoy28@delicious.com,Margaret,Mccoy,http://dummyimage.com/184x182.jpg/dddddd/000000,Female,4f05f986f5324544d6add4494d504426022abdd7,false,5820b5fbfc13ae512e003226
5820b675fc13ae5137001dbf,pmurphy29@trellian.com,Patrick,Murphy,http://dummyimage.com/142x124.bmp/cc0000/ffffff,Male,fe598204a1f273f2202ecd973dd38f41ef2c212e,true,5820b5fbfc13ae512e003216
5820b675fc13ae5137001dc0,swood2a@msu.edu,Sarah,Wood,http://dummyimage.com/219x101.bmp/ff4444/ffffff,Female,46a9bd0b5fbf81d5696a8e923fe1c6677924a4e9,true,5820b5fbfc13ae512e00321b
5820b675fc13ae5137001dc1,ngardner2b@bloomberg.com,Nicole,Gardner,http://dummyimage.com/172x114.png/ff4444/ffffff,Female,317df6fac5aa4f31e6de34bc7c7dd64c149e95c5,true,5820b5fbfc13ae512e003226
5820b675fc13ae5137001dc2,rgibson2c@altervista.org,Ruth,Gibson,http://dummyimage.com/216x100.jpg/ff4444/ffffff,Female,841d6d105265047649601cfa70eed25185d4a640,false,5820b5fbfc13ae512e00321d
5820b675fc13ae5137001dc3,cmontgomery2d@chicagotribune.com,Charles,Montgomery,http://dummyimage.com/187x215.bmp/cc0000/ffffff,Male,c0562419588f47fa114d2efe12424181d73b052d,false,5820b5fbfc13ae512e00321c
5820b675fc13ae5137001dc4,rarnold2e@i2i.jp,Randy,Arnold,http://dummyimage.com/169x193.jpg/5fa2dd/ffffff,Male,cc3fb23f0eabd02b637c1c1cd03a6eeaff31bdc2,false,5820b5fbfc13ae512e00320f
5820b675fc13ae5137001dc5,klawson2f@loc.gov,Keith,Lawson,http://dummyimage.com/150x148.bmp/cc0000/ffffff,Male,5e2c619a4635310421ab31379cbe13f97451c49a,false,5820b5fbfc13ae512e003220
5820b675fc13ae5137001dc6,vkennedy2g@seattletimes.com,Virginia,Kennedy,http://dummyimage.com/102x102.jpg/dddddd/000000,Female,509ae8255c0b3b3f77bded06d6e3e2430bca5ea4,false,5820b5fbfc13ae512e003217
5820b675fc13ae5137001dc7,mramirez2h@alexa.com,Mary,Ramirez,http://dummyimage.com/218x166.bmp/ff4444/ffffff,Female,9e4a0867ae748c484b325efdb66df81d2f67075a,true,5820b5fbfc13ae512e003225
5820b675fc13ae5137001dc8,dmartinez2i@ocn.ne.jp,Donald,Martinez,http://dummyimage.com/107x104.png/dddddd/000000,Male,330765c0a9eda3d7899e10d4d03db63abc9031de,false,5820b5fbfc13ae512e003214
5820b675fc13ae5137001dc9,dhudson2j@irs.gov,Dennis,Hudson,http://dummyimage.com/154x236.jpg/ff4444/ffffff,Male,07e61cd04af35e58a76f78b86441752bc1710c3b,false,5820b5fbfc13ae512e003213
5820b675fc13ae5137001dca,rhall2k@narod.ru,Russell,Hall,http://dummyimage.com/250x174.png/dddddd/000000,Male,a76b4dab172e37a65933b210d33512e160f13f56,false,5820b5fbfc13ae512e003211
5820b675fc13ae5137001dcb,eperkins2l@guardian.co.uk,Elizabeth,Perkins,http://dummyimage.com/226x133.png/ff4444/ffffff,Female,d5bad0f2533be792842ddea2d0b1c0d14c50c4b3,true,5820b5fbfc13ae512e00321a
5820b675fc13ae5137001dcc,aphillips2m@stanford.edu,Ann,Phillips,http://dummyimage.com/160x239.png/dddddd/000000,Female,dfd56b063fcace9521fdc6ac9d023793e40d8bee,true,5820b5fbfc13ae512e003214
5820b675fc13ae5137001dcd,mpatterson2n@admin.ch,Martha,Patterson,http://dummyimage.com/160x137.bmp/dddddd/000000,Female,4cb7f5e28490004522f3ecbc4829de3d2d84a2e2,false,5820b5fbfc13ae512e00320c
5820b675fc13ae5137001dce,hkim2o@opera.com,Henry,Kim,http://dummyimage.com/201x243.jpg/cc0000/ffffff,Male,9c96756ce86ab98ea3ce5a604da8b97d0a1fa4a2,true,5820b5fbfc13ae512e003216
5820b675fc13ae5137001dcf,smontgomery2p@infoseek.co.jp,Stephanie,Montgomery,http://dummyimage.com/125x178.png/dddddd/000000,Female,7ad72a51e7445d4cd813bff0479aff63b9d3472c,false,5820b5fbfc13ae512e003225
5820b675fc13ae5137001dd0,hmorris2q@yahoo.com,Heather,Morris,http://dummyimage.com/176x244.jpg/5fa2dd/ffffff,Female,86dd86afa8e8874275f0d1e8b6e928e32d066c9a,false,5820b5fbfc13ae512e003223
5820b675fc13ae5137001dd1,jmorrison2r@forbes.com,Jose,Morrison,http://dummyimage.com/194x154.jpg/5fa2dd/ffffff,Male,52c8c5e2a0d97144c6ef70fc9f50e4d25f179830,false,5820b5fbfc13ae512e00320a
5820b675fc13ae5137001dd2,pkelly2s@meetup.com,Peter,Kelly,http://dummyimage.com/172x179.png/dddddd/000000,Male,edd6f0ce9c3b445f832d9bf9908f3bf8f885944e,true,5820b5fbfc13ae512e003212
5820b675fc13ae5137001dd3,jblack2t@boston.com,Judith,Black,http://dummyimage.com/198x237.jpg/5fa2dd/ffffff,Female,51f7923391652d142b2d56a91981857a717cdba1,false,5820b5fbfc13ae512e00320b
5820b675fc13ae5137001dd4,jknight2u@who.int,Joan,Knight,http://dummyimage.com/132x250.bmp/5fa2dd/ffffff,Female,9d53c04d4ed7d0fe40850237939343447802cd00,false,5820b5fbfc13ae512e003216
5820b675fc13ae5137001dd5,rnguyen2v@omniture.com,Richard,Nguyen,http://dummyimage.com/174x143.bmp/dddddd/000000,Male,e7cd3973424051e933fef21e7305837cd3ac2614,false,5820b5fbfc13ae512e00321d
5820b675fc13ae5137001dd6,mmills2w@google.cn,Mark,Mills,http://dummyimage.com/117x131.bmp/ff4444/ffffff,Male,3d4fde873eb67a3db71462ffd92941c40f0e4dc1,false,5820b5fbfc13ae512e003221
5820b675fc13ae5137001dd7,rgarrett2x@china.com.cn,Robert,Garrett,http://dummyimage.com/154x245.jpg/5fa2dd/ffffff,Male,7245148e5283a20bb99f1ee8339fbe25ca6ff1db,false,5820b5fbfc13ae512e003219
5820b675fc13ae5137001dd8,rroberts2y@who.int,Rose,Roberts,http://dummyimage.com/104x243.jpg/cc0000/ffffff,Female,9898247696653e3cc8dba617a0f98180f9d37c76,false,5820b5fbfc13ae512e00321e
5820b675fc13ae5137001dd9,hduncan2z@umich.edu,Howard,Duncan,http://dummyimage.com/236x166.jpg/cc0000/ffffff,Male,f4dcfee0752de65dc72a203a75966234d242fdb6,true,5820b5fbfc13ae512e00320c
5820b675fc13ae5137001dda,eduncan30@amazon.co.uk,Emily,Duncan,http://dummyimage.com/210x182.jpg/ff4444/ffffff,Female,625241dc7b79f640920a12313033220bc4fd59e0,true,5820b5fbfc13ae512e00321d
5820b675fc13ae5137001ddb,dgonzalez31@nsw.gov.au,Denise,Gonzalez,http://dummyimage.com/228x226.bmp/ff4444/ffffff,Female,4eb2f6ccb5990c6cf3d4b6fa29f8b7e535fb22aa,false,5820b5fbfc13ae512e003220
5820b675fc13ae5137001ddc,ncarroll32@google.nl,Norma,Carroll,http://dummyimage.com/137x245.bmp/5fa2dd/ffffff,Female,a6caecbeabbbea26562a01d86d3f66e40e4e285a,false,5820b5fbfc13ae512e003220
5820b675fc13ae5137001ddd,bhernandez33@wikia.com,Bonnie,Hernandez,http://dummyimage.com/140x233.bmp/ff4444/ffffff,Female,71125c9d71db85c896cecee150d3dafa862b5d15,true,5820b5fbfc13ae512e00320c
5820b675fc13ae5137001dde,kwilson34@myspace.com,Kevin,Wilson,http://dummyimage.com/132x216.bmp/cc0000/ffffff,Male,785ee92622490a208748605ea7b50fc5f9568f08,true,5820b5fbfc13ae512e00320c
5820b675fc13ae5137001ddf,chayes35@mozilla.com,Chris,Hayes,http://dummyimage.com/181x158.jpg/cc0000/ffffff,Male,211f4796500605e51b0f2a61ccf7b8b50e1b8c86,true,5820b5fbfc13ae512e00321d
5820b675fc13ae5137001de0,pwoods36@sbwire.com,Paula,Woods,http://dummyimage.com/173x111.png/dddddd/000000,Female,5628eb88d6bef0e605249c49406fd4d423c5c18c,true,5820b5fbfc13ae512e00320f
5820b675fc13ae5137001de1,chunter37@smh.com.au,Clarence,Hunter,http://dummyimage.com/152x194.png/dddddd/000000,Male,a3fe1ded476bc78db6380d128533c3c9c92c2394,true,5820b5fbfc13ae512e00321f
5820b675fc13ae5137001de2,bwheeler38@newyorker.com,Billy,Wheeler,http://dummyimage.com/155x153.png/dddddd/000000,Male,80f624c9bf52ecfab394678f432f5ce9b23dd310,true,5820b5fbfc13ae512e00321d
5820b675fc13ae5137001de3,asanchez39@alibaba.com,Andrew,Sanchez,http://dummyimage.com/115x164.bmp/dddddd/000000,Male,61bcdf8e508121ee74f71a942b866a76c5829303,false,5820b5fbfc13ae512e00320d
5820b675fc13ae5137001de4,pbailey3a@icq.com,Philip,Bailey,http://dummyimage.com/227x201.bmp/cc0000/ffffff,Male,eeb99fbe72a711cdd0719482d60add7daad4c032,false,5820b5fbfc13ae512e003220
5820b675fc13ae5137001de5,rpowell3b@imdb.com,Robin,Powell,http://dummyimage.com/245x104.bmp/cc0000/ffffff,Female,723a86589eb19cc4e1a14b71567a0543d0925578,true,5820b5fbfc13ae512e003219
5820b675fc13ae5137001de6,gturner3c@weebly.com,Gerald,Turner,http://dummyimage.com/244x116.png/5fa2dd/ffffff,Male,7f1fe82f84e5c6994dc06d23b9499eb6c4b0a939,false,5820b5fbfc13ae512e00321c
5820b675fc13ae5137001de7,dadams3d@ca.gov,Donald,Adams,http://dummyimage.com/178x196.bmp/cc0000/ffffff,Male,60e6390ce0edb2f32c13a09da4770ce3bcb86156,false,5820b5fbfc13ae512e003221
5820b675fc13ae5137001de8,ahowell3e@vistaprint.com,Andrea,Howell,http://dummyimage.com/155x195.jpg/cc0000/ffffff,Female,4caa8c5e5411a24978f107ae92ce3f362056c5a2,true,5820b5fbfc13ae512e003215
5820b675fc13ae5137001de9,lrichards3f@de.vu,Louise,Richards,http://dummyimage.com/182x111.png/5fa2dd/ffffff,Female,15d17e0a87b28ca78d4f1ae2017a31553e657d7a,false,5820b5fbfc13ae512e003225
5820b675fc13ae5137001dea,mmcdonald3g@umn.edu,Margaret,Mcdonald,http://dummyimage.com/216x249.png/dddddd/000000,Female,630deb0dbd2a6eb7c81757308a83ae4f39e60f22,false,5820b5fbfc13ae512e003211
5820b675fc13ae5137001deb,rgomez3h@cyberchimps.com,Roger,Gomez,http://dummyimage.com/105x178.png/cc0000/ffffff,Male,c9d4d94b9dcf9a97f79f36523eeb1b5f7339839a,false,5820b5fbfc13ae512e003212
5820b675fc13ae5137001dec,jkelly3i@phoca.cz,Jason,Kelly,http://dummyimage.com/149x135.png/ff4444/ffffff,Male,490c0bc5551f81acc881612986041950104aa088,true,5820b5fbfc13ae512e003224
5820b675fc13ae5137001ded,chart3j@live.com,Clarence,Hart,http://dummyimage.com/141x184.bmp/ff4444/ffffff,Male,a5dde8059351419e956cb8b0b7e555bc57ecf43d,false,5820b5fbfc13ae512e00320d
5820b675fc13ae5137001dee,iramos3k@fastcompany.com,Irene,Ramos,http://dummyimage.com/148x157.bmp/cc0000/ffffff,Female,6ccd6d89ca712f4093a95beb81d8f6ecff07f818,false,5820b5fbfc13ae512e003219
5820b675fc13ae5137001def,acole3l@twitter.com,Antonio,Cole,http://dummyimage.com/151x100.png/ff4444/ffffff,Male,e543c734337af3c562e8a698e31c02d4001f70b8,true,5820b5fbfc13ae512e003211
5820b675fc13ae5137001df0,sgutierrez3m@nsw.gov.au,Shirley,Gutierrez,http://dummyimage.com/225x122.bmp/cc0000/ffffff,Female,e996b1010ed5986a3bc9fc2cfaa4f3fc39b37ba8,true,5820b5fbfc13ae512e003209
5820b675fc13ae5137001df1,bkelly3n@rambler.ru,Barbara,Kelly,http://dummyimage.com/190x179.png/cc0000/ffffff,Female,9c74641362d2e0f9c4a499d0d655d63a15dc948f,false,5820b5fbfc13ae512e003211
5820b675fc13ae5137001df2,mcarr3o@bbb.org,Mary,Carr,http://dummyimage.com/115x246.bmp/cc0000/ffffff,Female,bd095cb1789c6b1c8483cbc8c396e736bb07ad14,true,5820b5fbfc13ae512e003224
5820b675fc13ae5137001df3,jcampbell3p@indiatimes.com,Joshua,Campbell,http://dummyimage.com/160x143.bmp/5fa2dd/ffffff,Male,ce025a05a7060afdbfbb6b2d0d264a0e4094dd14,true,5820b5fbfc13ae512e003220
5820b675fc13ae5137001df4,mgeorge3q@apache.org,Martin,George,http://dummyimage.com/143x240.jpg/5fa2dd/ffffff,Male,112922533f8553101db7a25a187bd10fcbfff910,false,5820b5fbfc13ae512e003212
5820b675fc13ae5137001df5,jfrazier3r@com.com,Janice,Frazier,http://dummyimage.com/208x223.png/cc0000/ffffff,Female,c864ef078094e878e3c8d86fe2a23458e837577f,true,5820b5fbfc13ae512e003209
5820b675fc13ae5137001df6,nbishop3s@engadget.com,Nancy,Bishop,http://dummyimage.com/214x175.jpg/ff4444/ffffff,Female,c2db6f860b9e43f8a7facfc52e912f4ebc6cdd25,true,5820b5fbfc13ae512e00321a
5820b675fc13ae5137001df7,rtucker3t@hud.gov,Ronald,Tucker,http://dummyimage.com/211x161.bmp/5fa2dd/ffffff,Male,4c0b6726624aee99c10a72d6626c7c923ad4495f,true,5820b5fbfc13ae512e003223
5820b675fc13ae5137001df8,athomas3u@adobe.com,Antonio,Thomas,http://dummyimage.com/250x153.png/cc0000/ffffff,Male,a09c2052952d3c962ecd3035938d85d67ffa8fa2,true,5820b5fbfc13ae512e003220
5820b675fc13ae5137001df9,jmurray3v@aol.com,Julie,Murray,http://dummyimage.com/208x118.jpg/cc0000/ffffff,Female,e2986e0f92e2d8e4489b720a940b15a3d69d7d26,true,5820b5fbfc13ae512e003209
5820b675fc13ae5137001dfa,ccarpenter3w@nyu.edu,Christina,Carpenter,http://dummyimage.com/218x124.png/ff4444/ffffff,Female,263c15ce3ad127ea17ca197f9866171aeaca19f8,true,5820b5fbfc13ae512e003219
5820b675fc13ae5137001dfb,aphillips3x@nih.gov,Antonio,Phillips,http://dummyimage.com/140x182.jpg/ff4444/ffffff,Male,704d3a7a356f56a0998d25d67f9bba93346a9499,false,5820b5fbfc13ae512e003222
5820b675fc13ae5137001dfc,wpayne3y@nba.com,William,Payne,http://dummyimage.com/189x181.png/5fa2dd/ffffff,Male,dc286825b12c936857dddc5d50d3021d8b85254d,true,5820b5fbfc13ae512e003217
5820b675fc13ae5137001dfd,bkelley3z@wunderground.com,Betty,Kelley,http://dummyimage.com/120x160.jpg/ff4444/ffffff,Female,ca871de041e3c51c5878b9dc323784f2444555d4,false,5820b5fbfc13ae512e003217
5820b675fc13ae5137001dfe,jmurphy40@patch.com,Joseph,Murphy,http://dummyimage.com/118x215.bmp/ff4444/ffffff,Male,ff32520474c5fc60cc125f69f71cfb9859a1a454,true,5820b5fbfc13ae512e00320e
5820b675fc13ae5137001dff,alopez41@zdnet.com,Ann,Lopez,http://dummyimage.com/113x213.png/ff4444/ffffff,Female,95984aebf6a3a01576aa0916cafba58e9e38bd62,true,5820b5fbfc13ae512e003214
5820b675fc13ae5137001e00,hnguyen42@lycos.com,Harry,Nguyen,http://dummyimage.com/100x124.bmp/ff4444/ffffff,Male,c4630c26d2b3e05c6aa28a66c21b0246a0670fc3,true,5820b5fbfc13ae512e003220
5820b675fc13ae5137001e01,cburns43@furl.net,Catherine,Burns,http://dummyimage.com/113x187.jpg/ff4444/ffffff,Female,c0f30f61fd06f585d68d2ecea743d5dce46874b3,true,5820b5fbfc13ae512e003218
5820b675fc13ae5137001e02,amorales44@about.com,Alan,Morales,http://dummyimage.com/116x198.bmp/cc0000/ffffff,Male,79010d73559e9139985cfa2c4de1a58c23473e69,true,5820b5fbfc13ae512e003213
5820b675fc13ae5137001e03,hreynolds45@netscape.com,Harry,Reynolds,http://dummyimage.com/216x202.png/cc0000/ffffff,Male,3668683a50c7b99eeae58b90c904dd692f1cfd82,false,5820b5fbfc13ae512e003213
5820b675fc13ae5137001e04,pgibson46@wisc.edu,Patrick,Gibson,http://dummyimage.com/128x146.bmp/5fa2dd/ffffff,Male,45b6700d8cc7c73b26045c8131ccaac94548e13e,true,5820b5fbfc13ae512e00321c
5820b675fc13ae5137001e05,egreene47@rambler.ru,Eric,Greene,http://dummyimage.com/115x101.png/ff4444/ffffff,Male,e33f9ef2b83c1fa946b3688f0d6abafd96502739,false,5820b5fbfc13ae512e003212
5820b675fc13ae5137001e06,lstephens48@tiny.cc,Lawrence,Stephens,http://dummyimage.com/134x191.jpg/dddddd/000000,Male,8a97eb486dbcffda7a12e86d7042ac4250167264,true,5820b5fbfc13ae512e00320e
5820b675fc13ae5137001e07,kreid49@dell.com,Kimberly,Reid,http://dummyimage.com/190x196.jpg/ff4444/ffffff,Female,14c0bc53528b5cb51b5bfdbe6aa05ab0b921143a,true,5820b5fbfc13ae512e003219
5820b675fc13ae5137001e08,gpalmer4a@cpanel.net,Gary,Palmer,http://dummyimage.com/223x180.png/ff4444/ffffff,Male,e937e437a9339c8b31b7b5c0ea3def3b44dbbbc8,true,5820b5fbfc13ae512e003221
5820b675fc13ae5137001e09,cwood4b@addtoany.com,Christine,Wood,http://dummyimage.com/172x103.jpg/5fa2dd/ffffff,Female,37734371fb5e1514c0f19fb7f929e634c3446510,true,5820b5fbfc13ae512e003222
5820b675fc13ae5137001e0a,mnelson4c@hexun.com,Marie,Nelson,http://dummyimage.com/250x240.bmp/ff4444/ffffff,Female,ba0ca1ce411ea8a50cc6ff7968f07fe53ebc49af,false,5820b5fbfc13ae512e00321c
5820b675fc13ae5137001e0b,pgomez4d@google.fr,Phyllis,Gomez,http://dummyimage.com/108x218.bmp/5fa2dd/ffffff,Female,d34ac15d856e9b718c1cd6fc36ba924a462f27a6,true,5820b5fbfc13ae512e003209
5820b675fc13ae5137001e0c,scruz4e@bloglovin.com,Sarah,Cruz,http://dummyimage.com/203x233.png/5fa2dd/ffffff,Female,f132ee4563ff72a2baa52a454e57ddff9c4880b6,false,5820b5fbfc13ae512e00321e
5820b675fc13ae5137001e0d,bsullivan4f@flickr.com,Betty,Sullivan,http://dummyimage.com/152x186.jpg/dddddd/000000,Female,d914e129d71296c240b9485d046ab2f6d1147009,false,5820b5fbfc13ae512e00321e
5820b675fc13ae5137001e0e,rmorgan4g@imgur.com,Roger,Morgan,http://dummyimage.com/153x105.bmp/dddddd/000000,Male,9dfd9a277ab981cbc2751852a0896735caaa9e15,true,5820b5fbfc13ae512e003213
5820b675fc13ae5137001e0f,ataylor4h@apache.org,Aaron,Taylor,http://dummyimage.com/244x103.jpg/cc0000/ffffff,Male,4980a171b83bddd6ff6b1331498fd9b7d922fcb4,false,5820b5fbfc13ae512e003218
5820b675fc13ae5137001e10,jelliott4i@phpbb.com,Jacqueline,Elliott,http://dummyimage.com/104x244.png/ff4444/ffffff,Female,89726fb0d138392da313b0028dff25b186bcfae5,false,5820b5fbfc13ae512e003215
5820b675fc13ae5137001e11,ebailey4j@stanford.edu,Evelyn,Bailey,http://dummyimage.com/234x164.bmp/5fa2dd/ffffff,Female,1668bf3f1125064280d648cff65442a6e4e110cc,true,5820b5fbfc13ae512e00320c
5820b675fc13ae5137001e12,jduncan4k@unesco.org,Joan,Duncan,http://dummyimage.com/191x208.jpg/5fa2dd/ffffff,Female,9c68300a3ad3ae70c60fd2071ec0738954656fff,true,5820b5fbfc13ae512e003216
5820b675fc13ae5137001e13,cwillis4l@nyu.edu,Cynthia,Willis,http://dummyimage.com/187x239.jpg/5fa2dd/ffffff,Female,37a6245db452611ad1996cee84e864897e6f7d00,true,5820b5fbfc13ae512e003214
5820b675fc13ae5137001e14,garnold4m@youtu.be,Gary,Arnold,http://dummyimage.com/229x232.jpg/cc0000/ffffff,Male,ed141656c3483898ecb30e3fe3e0b89cdc56c5c2,false,5820b5fbfc13ae512e00320a
5820b675fc13ae5137001e15,psanders4n@columbia.edu,Paul,Sanders,http://dummyimage.com/137x110.bmp/dddddd/000000,Male,fcb4b464dde0661ca2e0cd3e0562066bc62bf808,false,5820b5fbfc13ae512e003212
5820b675fc13ae5137001e16,bbailey4o@zdnet.com,Beverly,Bailey,http://dummyimage.com/233x108.png/dddddd/000000,Female,51c5bc865c2fedc04f5f81aae18c87f322a837f4,true,5820b5fbfc13ae512e003225
5820b675fc13ae5137001e17,jstanley4p@bravesites.com,Jose,Stanley,http://dummyimage.com/155x146.bmp/ff4444/ffffff,Male,34c79bbdbc56e9ddd1149eeed102840db58af71d,false,5820b5fbfc13ae512e00320e
5820b675fc13ae5137001e18,jcruz4q@unc.edu,Juan,Cruz,http://dummyimage.com/178x179.bmp/5fa2dd/ffffff,Male,38fd29a67f69845705b1f8f790a8a598403ccf46,true,5820b5fbfc13ae512e003210
5820b675fc13ae5137001e19,mmeyer4r@elpais.com,Melissa,Meyer,http://dummyimage.com/207x217.jpg/cc0000/ffffff,Female,233114d2984f31ee50aadf9ec90a3b869a294971,false,5820b5fbfc13ae512e00320e
5820b675fc13ae5137001e1a,mgomez4s@ovh.net,Martin,Gomez,http://dummyimage.com/147x179.jpg/ff4444/ffffff,Male,64efdec99c0118ffe8a76256d5e7ec0be080fa2a,true,5820b5fbfc13ae512e00321c
5820b675fc13ae5137001e1b,raustin4t@hatena.ne.jp,Rachel,Austin,http://dummyimage.com/143x176.png/5fa2dd/ffffff,Female,c7ef470aca53583198bfbd49fd0867f748e8d38f,true,5820b5fbfc13ae512e003211
5820b675fc13ae5137001e1c,sharrison4u@mozilla.com,Sean,Harrison,http://dummyimage.com/107x233.jpg/dddddd/000000,Male,12af80ffdbb6c8b4a5094ef24bd921f50012ae13,true,5820b5fbfc13ae512e003210
5820b675fc13ae5137001e1d,dstevens4v@statcounter.com,Denise,Stevens,http://dummyimage.com/112x195.png/5fa2dd/ffffff,Female,ee6a59d08cca2338e58c4ab3e64fec86774c345a,true,5820b5fbfc13ae512e003221
5820b675fc13ae5137001e1e,cflores4w@wikipedia.org,Carl,Flores,http://dummyimage.com/186x240.bmp/5fa2dd/ffffff,Male,a2af31dff05aa9d05b76a9a3ac10cfdafb505fa9,false,5820b5fbfc13ae512e003225
5820b675fc13ae5137001e1f,sfranklin4x@cornell.edu,Stephanie,Franklin,http://dummyimage.com/119x231.jpg/ff4444/ffffff,Female,f3c609dd5f759aab6ceb93022afed2acaf7ef1fd,false,5820b5fbfc13ae512e00320f
5820b675fc13ae5137001e20,khenry4y@prweb.com,Keith,Henry,http://dummyimage.com/213x216.bmp/5fa2dd/ffffff,Male,d9be8668d222d28b0824eb2b0ce054b79ef81da6,true,5820b5fbfc13ae512e00321b
5820b675fc13ae5137001e21,areyes4z@epa.gov,Albert,Reyes,http://dummyimage.com/135x240.bmp/dddddd/000000,Male,7e07a52147ceb30f3acfba39f7b716b9b081493f,false,5820b5fbfc13ae512e00320e
5820b675fc13ae5137001e22,jstevens50@admin.ch,Joshua,Stevens,http://dummyimage.com/128x138.bmp/dddddd/000000,Male,107e8d198b8c1000b6c4c5a82db358401227a015,true,5820b5fbfc13ae512e003226
5820b675fc13ae5137001e23,vpowell51@biglobe.ne.jp,Virginia,Powell,http://dummyimage.com/148x203.png/ff4444/ffffff,Female,f472ee7a914f780b218a3165ea1a3cd2b294d421,true,5820b5fbfc13ae512e003221
5820b675fc13ae5137001e24,jweaver52@wunderground.com,Jose,Weaver,http://dummyimage.com/124x177.bmp/ff4444/ffffff,Male,b0b76421a358c111672f7a57889007f35c93808a,true,5820b5fbfc13ae512e00320e
5820b675fc13ae5137001e25,mcampbell53@sbwire.com,Margaret,Campbell,http://dummyimage.com/178x147.jpg/cc0000/ffffff,Female,09b7fbaeca2d45ac54e3d027bea7c09bd017ce6c,true,5820b5fbfc13ae512e003217
5820b675fc13ae5137001e26,sstone54@cnbc.com,Sara,Stone,http://dummyimage.com/123x211.jpg/5fa2dd/ffffff,Female,a33f65ce7afd1e5f7e912ffecd6f531cdbd6c167,false,5820b5fbfc13ae512e003210
5820b675fc13ae5137001e27,swelch55@slashdot.org,Sara,Welch,http://dummyimage.com/130x108.jpg/dddddd/000000,Female,78f7fa2365385c40c2a427046e9358d21ea554cb,true,5820b5fbfc13ae512e00321c
5820b675fc13ae5137001e28,hperry56@freewebs.com,Henry,Perry,http://dummyimage.com/211x194.bmp/ff4444/ffffff,Male,3847673b1202638678d959850e3b68d11c0acae1,true,5820b5fbfc13ae512e003219
5820b675fc13ae5137001e29,scarter57@disqus.com,Sandra,Carter,http://dummyimage.com/247x207.png/ff4444/ffffff,Female,b12301a3097772a215938190cacc2edb541a9064,false,5820b5fbfc13ae512e00320e
5820b675fc13ae5137001e2a,sross58@tinyurl.com,Scott,Ross,http://dummyimage.com/197x159.jpg/cc0000/ffffff,Male,cf098c837346b090a7e8dd0dbc11874f5da758eb,true,5820b5fbfc13ae512e00320c
5820b675fc13ae5137001e2b,khenry59@cnet.com,Keith,Henry,http://dummyimage.com/105x181.png/dddddd/000000,Male,3a539a3978679a2f609d24bfc032d6143ea5312d,false,5820b5fbfc13ae512e00321a
5820b675fc13ae5137001e2c,apeters5a@mlb.com,Angela,Peters,http://dummyimage.com/233x172.jpg/cc0000/ffffff,Female,e41e6c5751c11c60bcbb6b3c31f98c63d1b8c0e5,false,5820b5fbfc13ae512e003216
5820b675fc13ae5137001e2d,cmurray5b@upenn.edu,Cheryl,Murray,http://dummyimage.com/249x174.bmp/5fa2dd/ffffff,Female,a5d9d831f65f67ba5bbd179a2f89773499685e03,false,5820b5fbfc13ae512e00321e
5820b675fc13ae5137001e2e,phill5c@nhs.uk,Philip,Hill,http://dummyimage.com/203x120.bmp/dddddd/000000,Male,753e154dc6e84cdbff2e91d346aa267c3daf33bb,false,5820b5fbfc13ae512e003225
5820b675fc13ae5137001e2f,cwood5d@friendfeed.com,Catherine,Wood,http://dummyimage.com/225x181.bmp/dddddd/000000,Female,5f006219aa9a5528a8485b920366787dafb84d27,false,5820b5fbfc13ae512e003215
5820b675fc13ae5137001e30,jharris5e@smh.com.au,Joseph,Harris,http://dummyimage.com/163x156.bmp/dddddd/000000,Male,a778ff5cbda640e547df704b16433fe1026ddf0a,true,5820b5fbfc13ae512e00321e
5820b675fc13ae5137001e31,salexander5f@flickr.com,Steven,Alexander,http://dummyimage.com/199x207.bmp/dddddd/000000,Male,eb7d5ca051b10d5f321ed0063f0ddf7682f736e8,true,5820b5fbfc13ae512e00320e
5820b675fc13ae5137001e32,hburke5g@discovery.com,Harold,Burke,http://dummyimage.com/193x215.bmp/cc0000/ffffff,Male,e45d6a151be2c6eb9d685528e2c7d44f704ad15b,false,5820b5fbfc13ae512e003218
5820b675fc13ae5137001e33,cperkins5h@comcast.net,Carl,Perkins,http://dummyimage.com/243x122.bmp/cc0000/ffffff,Male,d0da72001e8a0f08e277d48f2c50a4b41e89eef9,false,5820b5fbfc13ae512e00320b
5820b675fc13ae5137001e34,slong5i@cpanel.net,Steven,Long,http://dummyimage.com/147x178.jpg/dddddd/000000,Male,315845e7131a87ed616728f1d4475d4b26b0fb50,true,5820b5fbfc13ae512e003219
5820b675fc13ae5137001e35,eryan5j@samsung.com,Elizabeth,Ryan,http://dummyimage.com/181x205.png/5fa2dd/ffffff,Female,c24f3d64cd749c01155c9291b2e04ddd46afc070,true,5820b5fbfc13ae512e003215
5820b675fc13ae5137001e36,drichardson5k@latimes.com,Donald,Richardson,http://dummyimage.com/233x223.jpg/dddddd/000000,Male,d216e56ab7cf67f3a9cc2f5d187cdc9cb54d5ae9,true,5820b5fbfc13ae512e00320f
5820b675fc13ae5137001e37,sreynolds5l@illinois.edu,Sandra,Reynolds,http://dummyimage.com/129x210.jpg/cc0000/ffffff,Female,48d6e10c385554235db517b3cd7ee6540739ee66,false,5820b5fbfc13ae512e003222
5820b675fc13ae5137001e38,kgarcia5m@nbcnews.com,Kathleen,Garcia,http://dummyimage.com/218x151.png/cc0000/ffffff,Female,2e7ea9963c6bbc866f5b6bbd75981d676bc93003,false,5820b5fbfc13ae512e00320e
5820b675fc13ae5137001e39,lmatthews5n@infoseek.co.jp,Louise,Matthews,http://dummyimage.com/239x246.png/ff4444/ffffff,Female,ed93d9cf9e7af5775d8cb96d5e7a610b2c5ddf04,true,5820b5fbfc13ae512e00320a
5820b675fc13ae5137001e3a,dlee5o@wordpress.com,Dennis,Lee,http://dummyimage.com/244x185.jpg/5fa2dd/ffffff,Male,814eba29477f75f348d3436480bdee7e6da42ac4,false,5820b5fbfc13ae512e003221
5820b675fc13ae5137001e3b,mstevens5p@nydailynews.com,Mary,Stevens,http://dummyimage.com/250x153.jpg/dddddd/000000,Female,0d2a4eae57786768017f77d8cb9910a390066db8,false,5820b5fbfc13ae512e00320d
5820b675fc13ae5137001e3c,gpayne5q@jalbum.net,Gary,Payne,http://dummyimage.com/186x204.png/cc0000/ffffff,Male,f18d3b04949a0895b2c6e1a428ea918461deb8fc,false,5820b5fbfc13ae512e00321b
5820b675fc13ae5137001e3d,aphillips5r@nytimes.com,Adam,Phillips,http://dummyimage.com/174x122.jpg/5fa2dd/ffffff,Male,872126b78ba23f46f0acb947fcd55c9163aad77b,true,5820b5fbfc13ae512e003222
5820b675fc13ae5137001e3e,mbishop5s@instagram.com,Mary,Bishop,http://dummyimage.com/156x183.png/5fa2dd/ffffff,Female,29ed2e460682cd868efa3b4adbc7bcbcc2cd0bc4,true,5820b5fbfc13ae512e003220
5820b675fc13ae5137001e3f,lbryant5t@aol.com,Lillian,Bryant,http://dummyimage.com/111x232.jpg/ff4444/ffffff,Female,06ceba734b28b0559e1c07c1024dfc96cd27a5da,false,5820b5fbfc13ae512e00320b
5820b675fc13ae5137001e40,pknight5u@mozilla.com,Philip,Knight,http://dummyimage.com/244x110.bmp/cc0000/ffffff,Male,1a1a2b1dfd4b57937e5abb1d0a91ee0c3784c6c8,true,5820b5fbfc13ae512e00320d
5820b675fc13ae5137001e41,lcole5v@spotify.com,Lois,Cole,http://dummyimage.com/138x212.jpg/ff4444/ffffff,Female,b71ccbe189b606ae1106b7c73387ee964cc5819a,true,5820b5fbfc13ae512e00320b
5820b675fc13ae5137001e42,lhenderson5w@wufoo.com,Lillian,Henderson,http://dummyimage.com/216x174.bmp/dddddd/000000,Female,fb45408753ce832fdcef43c7d2d6e124ee981238,false,5820b5fbfc13ae512e003223
5820b675fc13ae5137001e43,clarson5x@yellowbook.com,Charles,Larson,http://dummyimage.com/111x205.png/ff4444/ffffff,Male,e8e395ea962a42248345c7b9a82deb1913e8cb5a,true,5820b5fbfc13ae512e003218
5820b675fc13ae5137001e44,dmurray5y@wufoo.com,Dennis,Murray,http://dummyimage.com/186x212.png/ff4444/ffffff,Male,8627cd52d4ede05aad159990e1e0c01cc4a967b6,true,5820b5fbfc13ae512e003223
5820b675fc13ae5137001e45,jjones5z@weather.com,Johnny,Jones,http://dummyimage.com/149x237.jpg/ff4444/ffffff,Male,46ee65a1088f0ca8e2c3ffba9a15684f7e7c05ec,true,5820b5fbfc13ae512e003214
5820b675fc13ae5137001e46,dcastillo60@etsy.com,Debra,Castillo,http://dummyimage.com/150x187.bmp/dddddd/000000,Female,5c2a90538fc72382f3f8a645302f7f83ba8ebac7,true,5820b5fbfc13ae512e003210
5820b675fc13ae5137001e47,jharris61@paypal.com,Jimmy,Harris,http://dummyimage.com/101x236.png/dddddd/000000,Male,69ff8326c7309001d9e1764531e1c7b672ea9840,false,5820b5fbfc13ae512e00320d
5820b675fc13ae5137001e48,aramirez62@wikispaces.com,Amy,Ramirez,http://dummyimage.com/181x213.png/5fa2dd/ffffff,Female,be30194b26de0cc242a834bb53d75fc16ecc2cf4,false,5820b5fbfc13ae512e003210
5820b675fc13ae5137001e49,gcarpenter63@ucla.edu,George,Carpenter,http://dummyimage.com/225x206.png/cc0000/ffffff,Male,62ec080eac8c39dacaf2b6a176d170c7f2f0d18a,false,5820b5fbfc13ae512e003216
5820b675fc13ae5137001e4a,choward64@ocn.ne.jp,Christina,Howard,http://dummyimage.com/151x112.png/cc0000/ffffff,Female,1f992113d0e4d85ac584c0435eb09635ba49287d,true,5820b5fbfc13ae512e00320a
5820b675fc13ae5137001e4b,mcollins65@springer.com,Martha,Collins,http://dummyimage.com/202x196.jpg/cc0000/ffffff,Female,eba3ae448982265532af3cbaf86e5f9c90407801,true,5820b5fbfc13ae512e003224
5820b675fc13ae5137001e4c,jboyd66@canalblog.com,Juan,Boyd,http://dummyimage.com/246x183.bmp/ff4444/ffffff,Male,ffb01976aaa054c6095af86be80fbfc772919787,false,5820b5fbfc13ae512e00320f
5820b675fc13ae5137001e4d,pfisher67@ted.com,Phillip,Fisher,http://dummyimage.com/237x144.jpg/5fa2dd/ffffff,Male,75e164bb04b5831e9b6a1015fd5dd64f6c43fb76,false,5820b5fbfc13ae512e00321f
5820b675fc13ae5137001e4e,cmendoza68@sohu.com,Clarence,Mendoza,http://dummyimage.com/136x201.jpg/cc0000/ffffff,Male,03f3ddd6740c24486c53067a7bec698e291abff3,false,5820b5fbfc13ae512e003211
5820b675fc13ae5137001e4f,aburton69@bravesites.com,Ann,Burton,http://dummyimage.com/245x225.bmp/cc0000/ffffff,Female,ba1e0d34a77608ea418782b081e8f9fcce2aed3c,false,5820b5fbfc13ae512e00321e
5820b675fc13ae5137001e50,emcdonald6a@go.com,Elizabeth,Mcdonald,http://dummyimage.com/168x198.bmp/cc0000/ffffff,Female,44cb8b200043855cc90f47322aaed6854052d8ea,true,5820b5fbfc13ae512e003226
5820b675fc13ae5137001e51,hramos6b@de.vu,Howard,Ramos,http://dummyimage.com/213x174.bmp/cc0000/ffffff,Male,75c5bab138c355d59c7ec2e9c2a71e1bc148842d,true,5820b5fbfc13ae512e003210
5820b675fc13ae5137001e52,kwelch6c@soundcloud.com,Kimberly,Welch,http://dummyimage.com/139x104.jpg/ff4444/ffffff,Female,d5fc79b1c151433265e537a3d6dbb7158dd96d56,true,5820b5fbfc13ae512e00321e
5820b675fc13ae5137001e53,dmorrison6d@acquirethisname.com,Daniel,Morrison,http://dummyimage.com/116x235.bmp/dddddd/000000,Male,bfb11bf22495f4565352652a7111803582fc97ad,true,5820b5fbfc13ae512e003217
5820b675fc13ae5137001e54,ggibson6e@symantec.com,Gerald,Gibson,http://dummyimage.com/207x120.png/ff4444/ffffff,Male,e45ee9da08be6d19ef24bf13535a6fc654b43358,true,5820b5fbfc13ae512e003219
5820b675fc13ae5137001e55,jwebb6f@themeforest.net,Joseph,Webb,http://dummyimage.com/168x129.jpg/cc0000/ffffff,Male,4bdd7f5b74762b37500cf234fb8336d54968959f,false,5820b5fbfc13ae512e003225
5820b675fc13ae5137001e56,kpatterson6g@mapy.cz,Kelly,Patterson,http://dummyimage.com/108x182.jpg/dddddd/000000,Female,171c62d0b7423a0f62cea8a18f14280a495f4648,true,5820b5fbfc13ae512e003210
5820b675fc13ae5137001e57,cmendoza6h@chron.com,Christine,Mendoza,http://dummyimage.com/231x183.png/cc0000/ffffff,Female,edd7dceda56931e8332efcae1e24fc044b95fb4b,false,5820b5fbfc13ae512e003224
5820b675fc13ae5137001e58,bhenderson6i@virginia.edu,Betty,Henderson,http://dummyimage.com/103x177.png/5fa2dd/ffffff,Female,a677544300f0d7e906ecc7cc36f3601e36a9baac,true,5820b5fbfc13ae512e003218
5820b675fc13ae5137001e59,kkelly6j@economist.com,Kelly,Kelly,http://dummyimage.com/164x160.jpg/dddddd/000000,Female,8df675c6048015c9a44b52f25a965bad672fa3ad,false,5820b5fbfc13ae512e003216
5820b675fc13ae5137001e5a,jdean6k@harvard.edu,Justin,Dean,http://dummyimage.com/122x218.jpg/dddddd/000000,Male,5bef4e22dc8825086dcfd6062ef4d89cdf4237a3,false,5820b5fbfc13ae512e00320c
5820b675fc13ae5137001e5b,lking6l@vimeo.com,Lori,King,http://dummyimage.com/179x124.png/5fa2dd/ffffff,Female,3319d443e08e08396f25b71327e5d0de7958f2ca,false,5820b5fbfc13ae512e003226
5820b675fc13ae5137001e5c,jmorrison6m@washington.edu,Julia,Morrison,http://dummyimage.com/135x200.jpg/cc0000/ffffff,Female,3f08d2f05c43c8805c907074225a2c6a4c3c4ddc,true,5820b5fbfc13ae512e00320f
5820b675fc13ae5137001e5d,ahoward6n@admin.ch,Anthony,Howard,http://dummyimage.com/201x243.png/ff4444/ffffff,Male,588a000f94837ed5ac2ce8a808de673983413ea9,false,5820b5fbfc13ae512e003215
5820b675fc13ae5137001e5e,ereyes6o@themeforest.net,Edward,Reyes,http://dummyimage.com/150x106.png/dddddd/000000,Male,79bec6491a54b690b01373a63b2b890c2d01b6b0,false,5820b5fbfc13ae512e00321f
5820b675fc13ae5137001e5f,ptaylor6p@apple.com,Paula,Taylor,http://dummyimage.com/134x210.png/dddddd/000000,Female,51d442e404d33bbf4801806370127584daa8538d,true,5820b5fbfc13ae512e003221
5820b675fc13ae5137001e60,troberts6q@aol.com,Theresa,Roberts,http://dummyimage.com/128x183.png/5fa2dd/ffffff,Female,cbe966e6d9edea2f9c843b40b69d889dc2450e0f,false,5820b5fbfc13ae512e003213
5820b675fc13ae5137001e61,jbennett6r@slideshare.net,Judith,Bennett,http://dummyimage.com/142x148.jpg/dddddd/000000,Female,664af16b4be9a3b07b17bfb76e457096721982cf,true,5820b5fbfc13ae512e00320a
5820b675fc13ae5137001e62,gyoung6s@clickbank.net,Gregory,Young,http://dummyimage.com/100x137.png/5fa2dd/ffffff,Male,74429f1fd0079e5ba534ca7e3eb20583c6feda91,true,5820b5fbfc13ae512e00320e
5820b675fc13ae5137001e63,fwelch6t@behance.net,Frances,Welch,http://dummyimage.com/160x212.jpg/5fa2dd/ffffff,Female,960a633bdc478eddbe14e9945181137dac884309,true,5820b5fbfc13ae512e00321a
5820b675fc13ae5137001e64,srice6u@wikispaces.com,Shawn,Rice,http://dummyimage.com/223x109.png/cc0000/ffffff,Male,417ecc54db3c3635dae4bf2db98945c168d558f4,false,5820b5fbfc13ae512e003219
5820b675fc13ae5137001e65,bwagner6v@chronoengine.com,Brenda,Wagner,http://dummyimage.com/127x194.png/ff4444/ffffff,Female,dd07b204cde3b99b223f6b60c08c3fe9ea10efb8,false,5820b5fbfc13ae512e00320f
5820b675fc13ae5137001e66,tmoreno6w@dailymail.co.uk,Timothy,Moreno,http://dummyimage.com/228x115.png/cc0000/ffffff,Male,0e9c60ef1ec85d9dc7ee43d16c2ef8216c980440,true,5820b5fbfc13ae512e00321a
5820b675fc13ae5137001e67,mdaniels6x@hexun.com,Marilyn,Daniels,http://dummyimage.com/226x238.jpg/5fa2dd/ffffff,Female,af8fc80348ce9317b82c2888e872416e6bc1b83b,false,5820b5fbfc13ae512e00321f
5820b675fc13ae5137001e68,nwilliamson6y@indiegogo.com,Nicole,Williamson,http://dummyimage.com/233x158.png/5fa2dd/ffffff,Female,270535ddeb691c10c2e97aa4ca7a3aca4bda967e,true,5820b5fbfc13ae512e003222
5820b675fc13ae5137001e69,lblack6z@dailymail.co.uk,Lillian,Black,http://dummyimage.com/200x106.jpg/5fa2dd/ffffff,Female,d705b41552022f7c70c35d5c9bc812335f6bd809,false,5820b5fbfc13ae512e00321e
5820b675fc13ae5137001e6a,rlong70@weibo.com,Robin,Long,http://dummyimage.com/135x148.bmp/ff4444/ffffff,Female,76e04141c8484d8b6ba1ec01016250cd7ef9ce96,true,5820b5fbfc13ae512e00320d
5820b675fc13ae5137001e6b,dfreeman71@wisc.edu,Diane,Freeman,http://dummyimage.com/222x112.png/cc0000/ffffff,Female,723c8c5949bcf9bbb8a195dd68ae5b89ea25dcc7,true,5820b5fbfc13ae512e003223
5820b675fc13ae5137001e6c,rcooper72@apple.com,Ruby,Cooper,http://dummyimage.com/225x102.png/dddddd/000000,Female,3d58b129d130756ec3ee977912a9487ee6053803,false,5820b5fbfc13ae512e00321f
5820b675fc13ae5137001e6d,hjenkins73@stanford.edu,Henry,Jenkins,http://dummyimage.com/223x234.bmp/ff4444/ffffff,Male,fc51e3d912d788347c4953c0a3c52127f96b5b48,false,5820b5fbfc13ae512e003226
5820b675fc13ae5137001e6e,jshaw74@gnu.org,John,Shaw,http://dummyimage.com/219x226.bmp/ff4444/ffffff,Male,16bfe114650e19ca7ea8e5ef2f7a22e5b20b50aa,false,5820b5fbfc13ae512e003226
5820b675fc13ae5137001e6f,gfrazier75@usatoday.com,George,Frazier,http://dummyimage.com/168x197.png/cc0000/ffffff,Male,32300006d9ae9b5c580e7caecf53f0db55c3a426,true,5820b5fbfc13ae512e00321c
5820b675fc13ae5137001e70,jgarrett76@geocities.jp,John,Garrett,http://dummyimage.com/100x237.jpg/ff4444/ffffff,Male,e852c45a496b1afd05045a4d07289004e61cdd1c,false,5820b5fbfc13ae512e003221
5820b675fc13ae5137001e71,bberry77@kickstarter.com,Bruce,Berry,http://dummyimage.com/222x168.jpg/5fa2dd/ffffff,Male,53370b3abb559f53d6a47e3da206e1e283e7cd52,false,5820b5fbfc13ae512e003217
5820b675fc13ae5137001e72,aspencer78@wikia.com,Ann,Spencer,http://dummyimage.com/136x119.png/cc0000/ffffff,Female,8cda8eeb1eb3651fa3691dfc0b838cabfb1618af,true,5820b5fbfc13ae512e003212
5820b675fc13ae5137001e73,jwalker79@forbes.com,Joshua,Walker,http://dummyimage.com/108x228.png/cc0000/ffffff,Male,3ae31721bf5654d57a9470bb989e4fa29f2eb06e,false,5820b5fbfc13ae512e00321d
5820b675fc13ae5137001e74,pandrews7a@blog.com,Pamela,Andrews,http://dummyimage.com/125x215.png/cc0000/ffffff,Female,fa4f6cbcb231c0202e9ad7024daa38b337d04b66,true,5820b5fbfc13ae512e003217
5820b675fc13ae5137001e75,ablack7b@salon.com,Aaron,Black,http://dummyimage.com/250x118.bmp/cc0000/ffffff,Male,163eed454eb6f7b6066bb6000de18e174d727e16,false,5820b5fbfc13ae512e00321f
5820b675fc13ae5137001e76,jstanley7c@cam.ac.uk,Julie,Stanley,http://dummyimage.com/223x172.jpg/ff4444/ffffff,Female,d9f62f78a0f8a0a827c4d903ede6deb32ef8ed67,true,5820b5fbfc13ae512e00321c
5820b675fc13ae5137001e77,malexander7d@google.cn,Matthew,Alexander,http://dummyimage.com/180x247.jpg/cc0000/ffffff,Male,1649183809ef11d05266c12562823f30c97cbb4f,false,5820b5fbfc13ae512e003213
5820b675fc13ae5137001e78,anguyen7e@blogger.com,Albert,Nguyen,http://dummyimage.com/138x133.png/5fa2dd/ffffff,Male,c8ffcb868cf7a5ff498888f1498150d4d43cd8d1,true,5820b5fbfc13ae512e00320d
5820b675fc13ae5137001e79,sray7f@networkadvertising.org,Shawn,Ray,http://dummyimage.com/143x152.bmp/ff4444/ffffff,Male,e5db9a7e99b5cc1abb589e0320105e1e3e04d425,false,5820b5fbfc13ae512e00321c
5820b675fc13ae5137001e7a,mjones7g@gov.uk,Melissa,Jones,http://dummyimage.com/211x217.png/dddddd/000000,Female,44d405b31e42860c1755228c4660019b07ae512f,false,5820b5fbfc13ae512e003217
5820b675fc13ae5137001e7b,ralvarez7h@ft.com,Russell,Alvarez,http://dummyimage.com/240x147.jpg/dddddd/000000,Male,16ba951ede1f8260543565a712d2cbc35643a9ee,true,5820b5fbfc13ae512e00321e
5820b676fc13ae5137001e7c,jalvarez7i@is.gd,Julia,Alvarez,http://dummyimage.com/170x213.bmp/5fa2dd/ffffff,Female,662d65d258855b10e8b94d32d0b727aee6bd6381,false,5820b5fbfc13ae512e003224
5820b676fc13ae5137001e7d,aharrison7j@stumbleupon.com,Arthur,Harrison,http://dummyimage.com/149x188.png/cc0000/ffffff,Male,4a402e989a86931adb91ac93ac7dfa786267e541,false,5820b5fbfc13ae512e00321d
5820b676fc13ae5137001e7e,fcarpenter7k@google.cn,Fred,Carpenter,http://dummyimage.com/226x176.bmp/5fa2dd/ffffff,Male,226575683dda674450552173d32d0d9897a8d1db,false,5820b5fbfc13ae512e00320f
5820b676fc13ae5137001e7f,rmorrison7l@digg.com,Roger,Morrison,http://dummyimage.com/250x190.jpg/dddddd/000000,Male,64dcb11e3b48b346f894783cd4d2f84226d924c1,false,5820b5fbfc13ae512e00320f
5820b676fc13ae5137001e80,gmorales7m@usgs.gov,Gary,Morales,http://dummyimage.com/225x191.png/dddddd/000000,Male,cd35fc03022775b02e5f9c311691078153da7cf9,true,5820b5fbfc13ae512e003219
5820b676fc13ae5137001e81,apayne7n@cloudflare.com,Anthony,Payne,http://dummyimage.com/217x195.png/5fa2dd/ffffff,Male,0b77fb4aefb45ccba1fd6cfb6de068a4fd82d67f,true,5820b5fbfc13ae512e003216
5820b676fc13ae5137001e82,cphillips7o@youtu.be,Carl,Phillips,http://dummyimage.com/174x207.png/5fa2dd/ffffff,Male,10241a34324f66d4ec205c610d4b7f2bf9817fda,true,5820b5fbfc13ae512e003209
5820b676fc13ae5137001e83,greed7p@4shared.com,Gerald,Reed,http://dummyimage.com/232x112.bmp/ff4444/ffffff,Male,2ca6f5b5ae5fbc8a99923c6b1f6c04c8edbacc48,false,5820b5fbfc13ae512e003222
5820b676fc13ae5137001e84,awallace7q@wordpress.com,Annie,Wallace,http://dummyimage.com/112x194.bmp/ff4444/ffffff,Female,9a7bffce9d0f24bae3f900b7d200f596a9ae8098,false,5820b5fbfc13ae512e003212
5820b676fc13ae5137001e85,holiver7r@ucla.edu,Harold,Oliver,http://dummyimage.com/103x248.jpg/5fa2dd/ffffff,Male,25f27bca09f51bc6ef43cd59c690d2f84cf5c3ba,true,5820b5fbfc13ae512e003226
5820b676fc13ae5137001e86,pmoore7s@tumblr.com,Patricia,Moore,http://dummyimage.com/125x127.png/dddddd/000000,Female,5ff0a31ecba06b06c61d6f718be3c44e74493951,false,5820b5fbfc13ae512e003209
5820b676fc13ae5137001e87,mporter7t@reddit.com,Marie,Porter,http://dummyimage.com/190x227.bmp/5fa2dd/ffffff,Female,b72b8d8e8ade5288e4cf1d052635ae67e5cb6137,false,5820b5fbfc13ae512e003209
5820b676fc13ae5137001e88,jhoward7u@shareasale.com,Jerry,Howard,http://dummyimage.com/153x189.jpg/dddddd/000000,Male,c5afdaa5a6d0eb55ef57e7511e9cec87a4da68c4,false,5820b5fbfc13ae512e003214
5820b676fc13ae5137001e89,rstanley7v@mapquest.com,Rachel,Stanley,http://dummyimage.com/215x132.png/dddddd/000000,Female,73940e2c86088705b1cab0815d7612f08411402b,false,5820b5fbfc13ae512e00320e
5820b676fc13ae5137001e8a,ibowman7w@baidu.com,Irene,Bowman,http://dummyimage.com/189x238.bmp/5fa2dd/ffffff,Female,0f9dbdf69a362b648eaf4111daa1c4fb137bf7cb,false,5820b5fbfc13ae512e003210
5820b676fc13ae5137001e8b,lmartinez7x@deliciousdays.com,Linda,Martinez,http://dummyimage.com/186x223.png/ff4444/ffffff,Female,922266c0c35e8bc75ba05b0747619ba3688de7b4,false,5820b5fbfc13ae512e00320d
5820b676fc13ae5137001e8c,cbanks7y@unesco.org,Carolyn,Banks,http://dummyimage.com/134x195.jpg/5fa2dd/ffffff,Female,8243e1a02c42bc5ac9f8d2f60f6bf55e7b9e9653,true,5820b5fbfc13ae512e003225
5820b676fc13ae5137001e8d,jcooper7z@woothemes.com,Jeremy,Cooper,http://dummyimage.com/149x218.jpg/dddddd/000000,Male,6ecd5f3322ba826d375ed607e82ea1a9228efafe,false,5820b5fbfc13ae512e003221
5820b676fc13ae5137001e8e,jwebb80@uiuc.edu,Joshua,Webb,http://dummyimage.com/202x153.jpg/ff4444/ffffff,Male,649bab15424875ab758beb671545ff950c55af1c,true,5820b5fbfc13ae512e003220
5820b676fc13ae5137001e8f,emyers81@quantcast.com,Elizabeth,Myers,http://dummyimage.com/147x229.bmp/cc0000/ffffff,Female,6bbeeaf17ac992a25692bd84ff83a9b356c85995,false,5820b5fbfc13ae512e003220
5820b676fc13ae5137001e90,bparker82@printfriendly.com,Bonnie,Parker,http://dummyimage.com/121x212.bmp/5fa2dd/ffffff,Female,56a992293d3f07d54939191f2d72d665c965f193,false,5820b5fbfc13ae512e003209
5820b676fc13ae5137001e91,dmarshall83@aol.com,Debra,Marshall,http://dummyimage.com/109x189.png/dddddd/000000,Female,af2d616cb0ea66eadaea1ece11397d4ffdb6dbb6,true,5820b5fbfc13ae512e00321e
5820b676fc13ae5137001e92,dbennett84@xrea.com,Donna,Bennett,http://dummyimage.com/242x204.jpg/dddddd/000000,Female,df19b8a5a673ff2e85a964a4824327aa5c18fed2,true,5820b5fbfc13ae512e00321b
5820b676fc13ae5137001e93,rgardner85@ycombinator.com,Randy,Gardner,http://dummyimage.com/162x236.jpg/cc0000/ffffff,Male,cd982e3ecdd0eeaf1f8c0c6796f576200de98f09,false,5820b5fbfc13ae512e003214
5820b676fc13ae5137001e94,elawrence86@cisco.com,Evelyn,Lawrence,http://dummyimage.com/233x137.jpg/5fa2dd/ffffff,Female,883b5f14fb6ddcc7927f5abd5a99892a5d6827b5,false,5820b5fbfc13ae512e003224
5820b676fc13ae5137001e95,jwilliamson87@nasa.gov,Judith,Williamson,http://dummyimage.com/147x181.png/cc0000/ffffff,Female,88aaeff9612d9681cf10f8809a60aea6aa4242aa,false,5820b5fbfc13ae512e003218
5820b676fc13ae5137001e96,cwelch88@slate.com,Carl,Welch,http://dummyimage.com/240x144.bmp/ff4444/ffffff,Male,0f9453c91de2b328eb7268598b9d5d5d35b09068,true,5820b5fbfc13ae512e00320a
5820b676fc13ae5137001e97,aharris89@gnu.org,Annie,Harris,http://dummyimage.com/153x140.bmp/dddddd/000000,Female,2c552ddcae6f1556ae145393ea5545f9b6ded42e,false,5820b5fbfc13ae512e003209
5820b676fc13ae5137001e98,dtaylor8a@altervista.org,Donna,Taylor,http://dummyimage.com/239x186.png/dddddd/000000,Female,b2d3c683d9c2f6d0cff49a7b427368a9d4df8c7e,false,5820b5fbfc13ae512e003222
5820b676fc13ae5137001e99,hhawkins8b@furl.net,Helen,Hawkins,http://dummyimage.com/241x132.jpg/cc0000/ffffff,Female,9d56047ef234afdeca542e9bb5b46556f92add0f,true,5820b5fbfc13ae512e00320e
